sku_id,region,category,primary_warehouse_id,lead_time_days,target_service_level,z_score,mean_forecast,std_error,mae,wmape_combo,unit_cost_usd,selling_price_usd,cube_ft,n_days,safety_stock_units,safety_stock_value_usd,annual_storage_cost_usd,demand_during_lead_time,reorder_point_units,reorder_point_value_usd,current_stock_units,stock_gap_units,days_of_supply,urgency_level,replenishment_needed_units,replenishment_cost_usd,gross_margin_pct,daily_holding_cost_usd,forecast_model,forecast_wmape,policy_date
SKU-100000,Central,Electronics,WH-C100000,2,0.959,1.7391976652852517,47.367073,5.457900508288574,3.705857958112444,7.614776618807589,50.98,190.65,0.55,21,13.42,684.15,94.07,94.73,108.15,5513.49,166.0,57.85,3.5,LOW,0.0,0.0,73.26,0.4686,XGBoost,11.06,2026-04-09
SKU-100000,East,Electronics,WH-E100000,4,0.959,1.7391976652852517,55.374466,5.338998833589512,4.342560359409878,8.013512079742732,50.98,190.65,0.55,21,18.57,946.7,130.17,221.5,240.07,12238.77,300.0,59.93,5.4,MEDIUM,0.0,0.0,73.26,0.6484,XGBoost,11.06,2026-04-09
SKU-100000,North,Electronics,WH-N100000,4,0.959,1.7391976652852517,55.757168,6.034166580403939,4.8784995306105845,8.594671984637209,50.98,190.65,0.55,21,20.99,1070.07,147.13,223.03,244.02,12440.14,377.0,132.98,6.8,LOW,0.0,0.0,73.26,0.7329,XGBoost,11.06,2026-04-09
SKU-100000,South,Electronics,WH-S100000,6,0.959,1.7391976652852517,46.191326,6.185509581734083,4.438854580833798,9.580261675406696,50.98,190.65,0.55,21,26.35,1343.32,184.71,277.15,303.5,15472.43,238.0,-65.5,5.2,HIGH,369.0,18811.62,73.26,0.9201,XGBoost,11.06,2026-04-09
SKU-100000,West,Electronics,WH-W100000,6,0.959,1.7391976652852517,53.082554,7.383018484840663,6.029169355119977,10.943176866731871,50.98,190.65,0.55,21,36.17,1843.95,220.46,318.5,354.67,18081.08,800.0,445.33,15.1,ADEQUATE,0.0,0.0,73.26,1.263,XGBoost,11.06,2026-04-09
SKU-100001,Central,Toys,WH-C100000,2,0.972,1.911035647549118,9.648827,1.4745818813230995,1.09628845396496,11.568873074158509,14.98,175.66,1.79,21,3.99,59.77,26.75,19.3,23.29,348.88,14.0,-9.29,1.5,HIGH,33.0,494.34,91.47,0.0409,XGBoost,11.06,2026-04-09
SKU-100001,East,Toys,WH-E100000,4,0.972,1.911035647549118,11.676064,1.4180990582203683,1.164963790348598,10.777198013016994,14.98,175.66,1.79,21,5.42,81.19,36.33,46.7,52.12,780.76,99.0,46.88,8.5,LOW,0.0,0.0,91.47,0.0556,XGBoost,11.06,2026-04-09
SKU-100001,North,Toys,WH-N100000,4,0.972,1.911035647549118,13.15635,1.6283287695766828,1.479416847229004,12.088620105417464,14.98,175.66,1.79,21,6.22,93.18,41.7,52.63,58.85,881.57,54.0,-4.85,4.1,HIGH,64.0,958.72,91.47,0.0638,XGBoost,11.06,2026-04-09
SKU-100001,South,Toys,WH-S100000,6,0.972,1.911035647549118,9.567447,2.279057200110919,1.96790075302124,21.63660502464921,14.98,175.66,1.79,21,10.67,159.84,71.53,57.4,68.07,1019.69,74.0,5.93,7.7,MEDIUM,0.0,0.0,91.47,0.1095,XGBoost,11.06,2026-04-09
SKU-100001,West,Toys,WH-W100000,6,0.972,1.911035647549118,11.587381,1.9288974196647088,1.2254945210048132,10.90482408137832,14.98,175.66,1.79,21,10.38,155.49,60.53,69.52,79.9,1196.9,144.0,64.1,12.4,LOW,0.0,0.0,91.47,0.1065,XGBoost,11.06,2026-04-09
SKU-100002,Central,Toys,WH-C100000,2,0.968,1.8521798587690466,39.008675,6.211053356919442,5.837339855375744,16.236309510003647,22.32,198.29,0.86,21,16.27,363.15,78.08,78.02,94.29,2104.55,200.0,105.71,5.1,ADEQUATE,0.0,0.0,88.74,0.2487,XGBoost,11.06,2026-04-09
SKU-100002,East,Toys,WH-E100000,4,0.968,1.8521798587690466,41.287643,5.415752389499964,4.837389264787946,12.388435906910065,22.32,198.29,0.86,21,20.06,447.74,96.26,165.15,185.21,4133.89,91.0,-94.21,2.2,HIGH,279.0,6227.28,88.74,0.3067,XGBoost,11.06,2026-04-09
SKU-100002,North,Toys,WH-N100000,4,0.968,1.8521798587690466,43.686516,4.946341498427592,4.457541329520089,10.734904565662022,22.32,198.29,0.86,21,18.32,408.9,87.91,174.75,193.07,4309.32,288.0,94.93,6.6,LOW,0.0,0.0,88.74,0.2801,XGBoost,11.06,2026-04-09
SKU-100002,South,Toys,WH-S100000,6,0.968,1.8521798587690466,34.946877,6.225522548543484,4.88047608875093,14.578947043809398,22.32,198.29,0.86,21,28.24,630.32,135.52,209.68,237.92,5310.37,320.0,82.08,9.2,LOW,0.0,0.0,88.74,0.4317,XGBoost,11.06,2026-04-09
SKU-100002,West,Toys,WH-W100000,6,0.968,1.8521798587690466,41.370255,7.251561150690559,5.6204842158726285,13.772481726441118,22.32,198.29,0.86,21,37.83,844.37,157.88,248.22,286.05,6384.64,178.0,-108.05,4.3,HIGH,394.0,8794.08,88.74,0.5783,XGBoost,11.06,2026-04-09
SKU-100003,Central,Beauty,WH-C100000,2,0.931,1.4832801273356213,38.777695,6.532656510571645,5.19108027503604,13.32673418612341,61.85,78.7,0.76,21,16.44,1016.81,161.0,77.56,94.0,5813.9,149.0,55.0,3.8,LOW,0.0,0.0,21.41,0.6964,XGBoost,11.06,2026-04-09
SKU-100003,East,Beauty,WH-E100000,4,0.931,1.4832801273356213,40.30069,4.986398455159016,3.8108028230212985,9.493103106585556,61.85,78.7,0.76,21,17.75,1097.84,173.8,161.2,178.95,11068.06,119.0,-59.95,3.0,HIGH,239.0,14782.15,21.41,0.7519,XGBoost,11.06,2026-04-09
SKU-100003,North,Beauty,WH-N100000,4,0.931,1.4832801273356213,44.851307,4.220127090663713,3.669288090297154,7.952017524945311,61.85,78.7,0.76,21,15.02,928.99,147.13,179.41,194.43,12025.5,251.0,56.57,5.6,LOW,0.0,0.0,21.41,0.6363,XGBoost,11.06,2026-04-09
SKU-100003,South,Beauty,WH-S100000,6,0.931,1.4832801273356213,34.79944,5.339803159775316,4.18097060067313,11.722347462872133,61.85,78.7,0.76,21,23.28,1439.87,227.98,208.8,232.08,14354.15,221.0,-11.08,6.4,HIGH,243.0,15029.55,21.41,0.9862,XGBoost,11.06,2026-04-09
SKU-100003,West,Beauty,WH-W100000,6,0.931,1.4832801273356213,43.818806,6.894118416120324,6.181120282127743,13.272344150507074,61.85,78.7,0.76,21,34.57,2138.15,294.38,262.91,297.48,18399.14,326.0,28.52,7.4,MEDIUM,0.0,0.0,21.41,1.4645,XGBoost,11.06,2026-04-09
SKU-100004,Central,Electronics,WH-C100000,2,0.966,1.825006821146403,48.76391,5.286477901203539,4.769833519345238,9.36135549650808,112.48,134.55,0.33,21,13.64,1534.23,126.57,97.53,111.17,12504.4,116.0,4.83,2.4,MEDIUM,0.0,0.0,16.4,1.0508,XGBoost,11.06,2026-04-09
SKU-100004,East,Electronics,WH-E100000,4,0.966,1.825006821146403,48.431137,4.640000426147897,4.065216427757626,8.046139953105442,112.48,134.55,0.33,21,16.94,1905.41,157.2,193.72,210.66,23695.04,365.0,154.34,7.5,LOW,0.0,0.0,16.4,1.3051,XGBoost,11.06,2026-04-09
SKU-100004,North,Electronics,WH-N100000,4,0.966,1.825006821146403,58.51358,5.880523754640226,4.650539216541109,7.8886367906685715,112.48,134.55,0.33,21,21.46,2413.82,199.14,234.05,255.51,28739.76,166.0,-89.51,2.8,HIGH,345.0,38805.6,16.4,1.6533,XGBoost,11.06,2026-04-09
SKU-100004,South,Electronics,WH-S100000,6,0.966,1.825006821146403,43.27809,6.833000285642746,6.006661551339286,12.897739514227773,112.48,134.55,0.33,21,30.55,3436.26,283.49,259.67,290.22,32643.95,418.0,127.78,9.7,LOW,0.0,0.0,16.4,2.3536,XGBoost,11.06,2026-04-09
SKU-100004,West,Electronics,WH-W100000,6,0.966,1.825006821146403,58.148994,6.327447261976393,4.885166894821894,8.657257780986258,112.48,134.55,0.33,21,32.53,3658.97,262.52,348.89,381.42,42902.12,374.0,-7.42,6.4,HIGH,389.0,43754.72,16.4,2.5061,XGBoost,11.06,2026-04-09
SKU-100005,Central,Home,WH-C100000,2,0.975,1.959963984540054,27.086254,3.686383583125299,2.762972967965262,9.801086525212778,118.88,33.69,0.21,21,10.22,1214.95,63.79,54.17,64.39,7654.68,69.0,4.61,2.5,MEDIUM,0.0,0.0,-252.86,0.8322,XGBoost,11.06,2026-04-09
SKU-100005,East,Home,WH-E100000,4,0.975,1.959963984540054,27.492815,3.5670253409193915,2.8414919716971263,10.305929413226314,118.88,33.69,0.21,21,13.98,1661.94,87.25,109.97,123.95,14735.18,185.0,61.05,6.7,LOW,0.0,0.0,-252.86,1.1383,XGBoost,11.06,2026-04-09
SKU-100005,North,Home,WH-N100000,4,0.975,1.959963984540054,32.877056,4.464182532630214,3.7534186045328775,11.423447910283471,118.88,33.69,0.21,21,17.5,2080.4,109.22,131.51,149.01,17714.31,132.0,-17.01,4.0,HIGH,166.0,19734.08,-252.86,1.4249,XGBoost,11.06,2026-04-09
SKU-100005,South,Home,WH-S100000,6,0.975,1.959963984540054,24.28932,4.895774768191402,3.857172466459728,15.789594861161472,118.88,33.69,0.21,21,23.5,2793.68,146.67,145.74,169.24,20119.25,176.0,6.76,7.2,MEDIUM,0.0,0.0,-252.86,1.9135,XGBoost,11.06,2026-04-09
SKU-100005,West,Home,WH-W100000,6,0.975,1.959963984540054,28.947952,4.6661252606275,4.040942146664574,13.798339014954903,118.88,33.69,0.21,21,25.76,3062.35,139.8,173.69,199.45,23710.62,252.0,52.55,8.7,LOW,0.0,0.0,-252.86,2.0975,XGBoost,11.06,2026-04-09
SKU-100006,Central,Electronics,WH-C100000,2,0.952,1.6645628612027212,70.89434,9.632866161725076,8.693747384207589,11.77103126696641,82.88,157.93,0.66,21,22.68,1879.72,310.15,141.79,164.47,13631.27,109.0,-55.47,1.5,HIGH,220.0,18233.6,47.52,1.2875,XGBoost,11.06,2026-04-09
SKU-100006,East,Electronics,WH-E100000,4,0.952,1.6645628612027212,71.99884,7.117532192503045,6.17984862554641,8.739179868625104,82.88,157.93,0.66,21,23.7,1964.26,324.1,288.0,311.7,25833.7,308.0,-3.7,4.3,HIGH,315.0,26107.2,47.52,1.3454,XGBoost,11.06,2026-04-09
SKU-100006,North,Electronics,WH-N100000,4,0.952,1.6645628612027212,73.4909,8.679447154058193,7.778619675409226,9.972589321359452,82.88,157.93,0.66,21,28.89,2394.4,395.08,293.96,322.85,26757.81,454.0,131.15,6.2,LOW,0.0,0.0,47.52,1.64,XGBoost,11.06,2026-04-09
SKU-100006,South,Electronics,WH-S100000,6,0.952,1.6645628612027212,67.37775,10.664066554951257,8.300360361735025,12.459440133798507,82.88,157.93,0.66,21,43.48,3603.62,594.6,404.27,447.75,37109.52,130.0,-317.75,1.9,HIGH,766.0,63486.08,47.52,2.4682,XGBoost,11.06,2026-04-09
SKU-100006,West,Electronics,WH-W100000,6,0.952,1.6645628612027212,72.916214,9.680761028292702,7.751020885649181,10.638656110604328,82.88,157.93,0.66,21,45.39,3761.92,539.76,437.5,482.89,40021.92,233.0,-249.89,3.2,HIGH,733.0,60751.04,47.52,2.5767,XGBoost,11.06,2026-04-09
SKU-100007,Central,Kitchen,WH-C100000,2,0.972,1.911035647549118,23.701323,4.159475843346999,3.480535234723772,14.137570558573216,40.39,32.87,0.64,21,11.24,453.98,72.64,47.4,58.64,2368.47,60.0,1.36,2.5,MEDIUM,0.0,0.0,-22.88,0.3109,XGBoost,11.06,2026-04-09
SKU-100007,East,Kitchen,WH-E100000,4,0.972,1.911035647549118,25.704796,2.5692108334006414,2.130852381388346,8.150801444015894,40.39,32.87,0.64,21,9.82,396.63,63.46,102.82,112.64,4549.53,158.0,45.36,6.1,LOW,0.0,0.0,-22.88,0.2717,XGBoost,11.06,2026-04-09
SKU-100007,North,Kitchen,WH-N100000,4,0.972,1.911035647549118,28.783842,4.2911778315066496,3.6675276983351934,13.053912124491514,40.39,32.87,0.64,21,16.4,662.4,105.98,115.14,131.54,5312.9,298.0,166.46,10.4,ADEQUATE,0.0,0.0,-22.88,0.4537,XGBoost,11.06,2026-04-09
SKU-100007,South,Kitchen,WH-S100000,6,0.972,1.911035647549118,22.647778,4.407949189536815,3.9556017376127697,16.287771828821658,40.39,32.87,0.64,21,20.63,833.25,133.32,135.89,156.52,6321.84,156.0,-0.52,6.9,HIGH,157.0,6341.23,-22.88,0.5707,XGBoost,11.06,2026-04-09
SKU-100007,West,Kitchen,WH-W100000,6,0.972,1.911035647549118,26.069052,4.164778661699304,3.684421993437268,13.36318855415384,40.39,32.87,0.64,21,22.42,905.54,126.02,156.41,178.83,7222.94,76.0,-102.83,2.9,HIGH,282.0,11389.98,-22.88,0.6202,XGBoost,11.06,2026-04-09
SKU-100008,Central,Electronics,WH-C100000,2,0.949,1.635234015388649,36.373444,4.793694399666608,3.766898382277716,10.422248474783869,96.37,130.18,0.12,21,11.09,1068.74,32.06,72.75,83.84,8079.66,29.0,-54.84,0.8,HIGH,139.0,13395.43,25.97,0.732,XGBoost,11.06,2026-04-09
SKU-100008,East,Electronics,WH-E100000,4,0.949,1.635234015388649,36.136925,7.003762735166661,5.662110010782878,14.975353913940417,96.37,130.18,0.12,21,22.91,2207.84,66.24,144.55,167.46,16138.12,166.0,-1.46,4.6,HIGH,169.0,16286.53,25.97,1.5122,XGBoost,11.06,2026-04-09
SKU-100008,North,Electronics,WH-N100000,4,0.949,1.635234015388649,41.532715,5.970391126827503,4.58853512718564,10.588927204946062,96.37,130.18,0.12,21,19.53,1882.11,56.46,166.13,185.66,17892.05,394.0,208.34,9.5,ADEQUATE,0.0,0.0,25.97,1.2891,XGBoost,11.06,2026-04-09
SKU-100008,South,Electronics,WH-S100000,6,0.949,1.635234015388649,35.776695,4.079003058653156,3.2804920559837702,9.185377744507386,96.37,130.18,0.12,21,16.34,1574.69,47.24,214.66,231.0,22261.47,86.0,-145.0,2.4,HIGH,376.0,36235.12,25.97,1.0786,XGBoost,11.06,2026-04-09
SKU-100008,West,Electronics,WH-W100000,6,0.949,1.635234015388649,42.7553,5.5292851810375,4.290841238839286,9.783677081193076,96.37,130.18,0.12,21,25.47,2454.54,64.04,256.53,282.0,27176.34,290.0,8.0,6.8,MEDIUM,0.0,0.0,25.97,1.6812,XGBoost,11.06,2026-04-09
SKU-100009,Central,Electronics,WH-C100000,2,0.975,1.959963984540054,16.18215,2.050848803989588,1.744606653849284,11.102042309034708,47.52,108.9,0.08,21,5.68,269.91,5.4,32.36,38.04,1807.66,51.0,12.96,3.2,LOW,0.0,0.0,56.36,0.1849,XGBoost,11.06,2026-04-09
SKU-100009,East,Electronics,WH-E100000,4,0.975,1.959963984540054,16.36459,1.642979347060617,1.323067892165411,8.368802907164339,47.52,108.9,0.08,21,6.44,306.03,6.12,65.46,71.9,3416.69,58.0,-13.9,3.5,HIGH,86.0,4086.72,56.36,0.2096,XGBoost,11.06,2026-04-09
SKU-100009,North,Electronics,WH-N100000,4,0.975,1.959963984540054,18.27353,1.8655686970900585,1.670870644705636,8.860677638942319,47.52,108.9,0.08,21,7.31,347.37,6.95,73.09,80.4,3820.61,140.0,59.6,7.7,LOW,0.0,0.0,56.36,0.2379,XGBoost,11.06,2026-04-09
SKU-100009,South,Electronics,WH-S100000,6,0.975,1.959963984540054,14.859256,1.721526443550638,1.4102481206258135,9.22592225572675,47.52,108.9,0.08,21,8.26,392.52,7.85,89.16,97.42,4629.4,170.0,72.58,11.4,LOW,0.0,0.0,56.36,0.2688,XGBoost,11.06,2026-04-09
SKU-100009,West,Electronics,WH-W100000,6,0.975,1.959963984540054,17.64324,1.6374468874762402,1.2480637686593192,7.102801916210755,47.52,108.9,0.08,21,9.04,429.58,7.47,105.86,114.9,5460.05,56.0,-58.9,3.2,HIGH,174.0,8268.48,56.36,0.2942,XGBoost,11.06,2026-04-09
SKU-100010,Central,Pet,WH-C100000,2,0.978,2.014090812018139,17.700752,1.9821312559334208,1.8637772514706563,9.784830545758872,68.29,97.95,0.38,21,5.65,385.84,36.65,35.4,41.05,2803.3,61.0,19.95,3.4,LOW,0.0,0.0,30.28,0.2643,XGBoost,11.06,2026-04-09
SKU-100010,East,Pet,WH-E100000,4,0.978,2.014090812018139,20.759464,3.8741914284210313,3.287830352783203,15.691917557165477,68.29,97.95,0.38,21,15.61,1066.01,101.27,83.04,98.65,6736.81,151.0,52.35,7.3,LOW,0.0,0.0,30.28,0.7301,XGBoost,11.06,2026-04-09
SKU-100010,North,Pet,WH-N100000,4,0.978,2.014090812018139,23.142862,2.55997482984796,2.088224320184617,9.079236155918135,68.29,97.95,0.38,21,10.31,704.07,66.89,92.57,102.88,7025.68,109.0,6.12,4.7,MEDIUM,0.0,0.0,30.28,0.4822,XGBoost,11.06,2026-04-09
SKU-100010,South,Pet,WH-S100000,6,0.978,2.014090812018139,17.42642,3.1658419116201824,2.3253271466209773,12.850492092246212,68.29,97.95,0.38,21,15.62,1066.69,101.34,104.56,120.18,8207.09,84.0,-36.18,4.8,HIGH,156.0,10653.24,30.28,0.7306,XGBoost,11.06,2026-04-09
SKU-100010,West,Pet,WH-W100000,6,0.978,2.014090812018139,21.044622,2.201099200567214,1.7581117720831008,8.27810473788432,68.29,97.95,0.38,21,12.49,852.94,70.45,126.27,138.76,9475.92,267.0,128.24,12.7,LOW,0.0,0.0,30.28,0.5842,XGBoost,11.06,2026-04-09
SKU-100011,Central,Kitchen,WH-C100000,2,0.933,1.4985130678799763,45.48637,6.7160927641847525,5.586536407470703,12.93464877922142,38.64,161.51,0.29,21,14.23,549.85,39.86,90.97,105.2,4064.93,55.0,-50.2,1.2,HIGH,155.0,5989.2,76.08,0.3766,XGBoost,11.06,2026-04-09
SKU-100011,East,Kitchen,WH-E100000,4,0.933,1.4985130678799763,47.989513,5.932646618896784,4.606733231317429,9.401496381307195,38.64,161.51,0.29,21,17.78,687.02,49.81,191.96,209.74,8104.35,176.0,-33.74,3.7,HIGH,243.0,9389.52,76.08,0.4706,XGBoost,11.06,2026-04-09
SKU-100011,North,Kitchen,WH-N100000,4,0.933,1.4985130678799763,50.68581,6.350729804921651,4.77923093523298,9.284352409532753,38.64,161.51,0.29,21,19.03,735.32,53.31,202.74,221.77,8569.19,332.0,110.23,6.6,LOW,0.0,0.0,76.08,0.5036,XGBoost,11.06,2026-04-09
SKU-100011,South,Kitchen,WH-S100000,6,0.933,1.4985130678799763,41.248104,5.974397336123422,4.875804991949172,11.648680854885756,38.64,161.51,0.29,21,21.93,847.38,61.43,247.49,269.42,10410.39,457.0,187.58,11.1,LOW,0.0,0.0,76.08,0.5804,XGBoost,11.06,2026-04-09
SKU-100011,West,Kitchen,WH-W100000,6,0.933,1.4985130678799763,48.660942,7.018378814343012,5.919125511532738,11.445822801816693,38.64,161.51,0.29,21,29.62,1144.52,72.16,291.97,321.59,12426.24,635.0,313.41,13.0,LOW,0.0,0.0,76.08,0.7839,XGBoost,11.06,2026-04-09
SKU-100012,Central,Kitchen,WH-C100000,2,0.931,1.4832801273356213,21.861454,3.3851280256071816,2.894735336303711,12.851890472274636,30.059999999999995,129.52,0.22,21,7.1,213.43,11.74,43.72,50.82,1527.65,37.0,-13.82,1.7,HIGH,65.0,1953.9,76.79,0.1462,XGBoost,11.06,2026-04-09
SKU-100012,East,Kitchen,WH-E100000,4,0.931,1.4832801273356213,23.868917,2.951978422814188,2.4193907238188244,9.865476718745738,30.059999999999995,129.52,0.22,21,8.76,263.33,14.48,95.48,104.24,3133.45,195.0,90.76,8.2,LOW,0.0,0.0,76.79,0.1804,XGBoost,11.06,2026-04-09
SKU-100012,North,Kitchen,WH-N100000,4,0.931,1.4832801273356213,27.498884,3.341671397831682,2.547955740065801,9.354382945426226,30.059999999999995,129.52,0.22,21,9.91,297.89,16.38,110.0,119.91,3604.49,151.0,31.09,5.5,LOW,0.0,0.0,76.79,0.204,XGBoost,11.06,2026-04-09
SKU-100012,South,Kitchen,WH-S100000,6,0.931,1.4832801273356213,20.894522,3.38114586675033,2.6386821383521677,11.891056821134107,30.059999999999995,129.52,0.22,21,12.28,369.14,20.3,125.37,137.65,4137.76,172.0,34.35,8.2,MEDIUM,0.0,0.0,76.79,0.2528,XGBoost,11.06,2026-04-09
SKU-100012,West,Kitchen,WH-W100000,6,0.931,1.4832801273356213,25.948437,4.097657241271285,3.505004701160249,13.630573812603611,30.059999999999995,129.52,0.22,21,17.12,514.63,24.62,155.69,172.81,5194.67,185.0,12.19,7.1,MEDIUM,0.0,0.0,76.79,0.3525,XGBoost,11.06,2026-04-09
SKU-100013,Central,Toys,WH-C100000,2,0.973,1.9268365732639106,25.779898,3.255047281960779,2.585354668753488,10.3611541870633,119.1,158.8,0.61,21,8.87,1056.42,161.1,51.56,60.43,7197.21,114.0,53.57,4.4,LOW,0.0,0.0,25.0,0.7236,XGBoost,11.06,2026-04-09
SKU-100013,East,Toys,WH-E100000,4,0.973,1.9268365732639106,29.233408,4.1810281101443865,4.142608642578125,15.674735376106897,119.1,158.8,0.61,21,16.11,1918.7,292.6,116.93,133.04,15845.06,56.0,-77.04,1.9,HIGH,210.0,25011.0,25.0,1.3142,XGBoost,11.06,2026-04-09
SKU-100013,North,Toys,WH-N100000,4,0.973,1.9268365732639106,30.138906,3.704681606261842,2.877761477515811,9.988924120321125,119.1,158.8,0.61,21,14.28,1700.75,259.36,120.56,134.84,16059.44,57.0,-77.84,1.9,HIGH,213.0,25368.3,25.0,1.1649,XGBoost,11.06,2026-04-09
SKU-100013,South,Toys,WH-S100000,6,0.973,1.9268365732639106,28.963455,4.683409400747572,4.295534315563383,16.16598933067584,119.1,158.8,0.61,21,22.1,2632.11,401.4,173.78,195.88,23329.31,389.0,193.12,13.4,LOW,0.0,0.0,25.0,1.8028,XGBoost,11.06,2026-04-09
SKU-100013,West,Toys,WH-W100000,6,0.973,1.9268365732639106,30.166264,3.236512951809333,3.024902888706752,10.78488294651833,119.1,158.8,0.61,21,17.57,2092.59,277.53,181.0,198.57,23649.69,303.0,104.43,10.0,LOW,0.0,0.0,25.0,1.4333,XGBoost,11.06,2026-04-09
SKU-100014,Central,Pet,WH-C100000,2,0.983,2.1200716897421508,31.860107,4.279812566177431,3.964514686947777,11.57925011267188,39.01,44.01,0.77,21,12.83,500.5,96.35,63.72,76.55,2986.22,161.0,84.45,5.1,ADEQUATE,0.0,0.0,11.36,0.3428,XGBoost,11.06,2026-04-09
SKU-100014,East,Pet,WH-E100000,4,0.983,2.1200716897421508,34.70457,5.768250062129096,4.892285210745675,13.808869527899258,39.01,44.01,0.77,21,24.46,954.18,183.68,138.82,163.28,6369.55,284.0,120.72,8.2,LOW,0.0,0.0,11.36,0.6536,XGBoost,11.06,2026-04-09
SKU-100014,North,Pet,WH-N100000,4,0.983,2.1200716897421508,34.145706,4.111741934546879,4.370289121355329,11.500760831259935,39.01,44.01,0.77,21,17.43,679.94,130.89,136.58,154.01,6007.93,149.0,-5.01,4.4,HIGH,159.0,6202.59,11.36,0.4657,XGBoost,11.06,2026-04-09
SKU-100014,South,Pet,WH-S100000,6,0.983,2.1200716897421508,32.20704,5.668833726859226,4.575212660289946,13.884315856538398,39.01,44.01,0.77,21,29.44,1148.45,221.08,193.24,222.68,8686.75,407.0,184.32,12.6,LOW,0.0,0.0,11.36,0.7866,XGBoost,11.06,2026-04-09
SKU-100014,West,Pet,WH-W100000,6,0.983,2.1200716897421508,36.097847,4.825481940141537,4.038394564674015,10.985270174650466,39.01,44.01,0.77,21,28.82,1124.27,188.19,216.59,245.41,9573.44,400.0,154.59,11.1,LOW,0.0,0.0,11.36,0.77,XGBoost,11.06,2026-04-09
SKU-100015,Central,Electronics,WH-C100000,2,0.976,1.9773684281819461,28.26649,4.236758161762528,3.159142630440848,11.149915147522464,54.03,86.74,0.58,21,11.85,640.26,92.84,56.53,68.38,3694.57,58.0,-10.38,2.1,HIGH,79.0,4268.37,37.71,0.4385,XGBoost,11.06,2026-04-09
SKU-100015,East,Electronics,WH-E100000,4,0.976,1.9773684281819461,30.829145,4.031174045477194,3.769669396536691,11.745260713622834,54.03,86.74,0.58,21,15.94,861.24,124.88,123.32,139.26,7524.22,162.0,22.74,5.3,MEDIUM,0.0,0.0,37.71,0.5899,XGBoost,11.06,2026-04-09
SKU-100015,North,Electronics,WH-N100000,4,0.976,1.9773684281819461,31.92623,3.3165290941444048,3.068357467651367,9.152770842208948,54.03,86.74,0.58,21,13.12,708.87,102.79,127.7,140.82,7608.5,100.0,-40.82,3.1,HIGH,182.0,9833.46,37.71,0.4855,XGBoost,11.06,2026-04-09
SKU-100015,South,Electronics,WH-S100000,6,0.976,1.9773684281819461,28.16326,4.136181844202938,3.144001007080078,11.115155056823248,54.03,86.74,0.58,21,20.03,1082.22,156.92,168.98,189.01,10212.21,384.0,194.99,13.6,ADEQUATE,0.0,0.0,37.71,0.7412,XGBoost,11.06,2026-04-09
SKU-100015,West,Electronics,WH-W100000,6,0.976,1.9773684281819461,32.75335,3.9541298307312376,3.051441374279204,8.962275352481193,54.03,86.74,0.58,21,22.02,1189.74,150.03,196.52,218.54,11807.72,502.0,283.46,15.3,ADEQUATE,0.0,0.0,37.71,0.8149,XGBoost,11.06,2026-04-09
SKU-100016,Central,Pet,WH-C100000,2,0.987,2.2262117693171746,30.885494,4.629992371899935,3.4643346695672896,11.3319358173822,119.39000000000001,197.26,0.68,21,14.58,1740.71,295.92,61.77,76.35,9115.43,174.0,97.65,5.6,ADEQUATE,0.0,0.0,39.48,1.1923,XGBoost,11.06,2026-04-09
SKU-100016,East,Pet,WH-E100000,4,0.987,2.2262117693171746,28.05779,5.316593809108032,4.153001331147694,14.297217673955636,119.39000000000001,197.26,0.68,21,23.67,2825.96,480.41,112.23,135.9,16225.1,78.0,-57.9,2.8,HIGH,194.0,23161.66,39.48,1.9356,XGBoost,11.06,2026-04-09
SKU-100016,North,Pet,WH-N100000,4,0.987,2.2262117693171746,32.993366,4.787082502997923,3.526995613461449,10.461427652270643,119.39000000000001,197.26,0.68,21,21.31,2544.2,432.51,131.97,153.28,18300.1,226.0,72.72,6.8,LOW,0.0,0.0,39.48,1.7426,XGBoost,11.06,2026-04-09
SKU-100016,South,Pet,WH-S100000,6,0.987,2.2262117693171746,25.30937,4.568591975021787,3.200495402018229,12.63353445790366,119.39000000000001,197.26,0.68,21,24.91,2974.0,505.58,151.86,176.77,21104.57,397.0,220.23,15.7,ADEQUATE,0.0,0.0,39.48,2.037,XGBoost,11.06,2026-04-09
SKU-100016,West,Pet,WH-W100000,6,0.987,2.2262117693171746,35.91628,3.807167063725717,3.1876441410609653,9.2204582465669,119.39000000000001,197.26,0.68,21,23.87,2849.84,421.35,215.5,239.37,28578.38,220.0,-19.37,6.1,HIGH,259.0,30922.01,39.48,1.9519,XGBoost,11.06,2026-04-09
SKU-100017,Central,Home,WH-C100000,2,0.954,1.6849407678719144,41.757954,6.652604130870219,5.4118007478259855,13.108167886189625,85.74,189.02,1.49,21,15.85,1358.98,506.22,83.52,99.37,8519.98,168.0,68.63,4.0,LOW,0.0,0.0,54.64,0.9308,XGBoost,11.06,2026-04-09
SKU-100017,East,Home,WH-E100000,4,0.954,1.6849407678719144,43.648083,7.576258820800052,5.974292573474703,13.771695269511724,85.74,189.02,1.49,21,25.53,2188.94,815.38,174.59,200.12,17158.29,126.0,-74.12,2.9,HIGH,274.0,23492.76,54.64,1.4993,XGBoost,11.06,2026-04-09
SKU-100017,North,Home,WH-N100000,4,0.954,1.6849407678719144,53.883343,5.6132322746788565,4.234376089913504,7.725621008768668,85.74,189.02,1.49,21,18.92,1622.2,604.27,215.53,234.45,20101.74,351.0,116.55,6.5,LOW,0.0,0.0,54.64,1.1111,XGBoost,11.06,2026-04-09
SKU-100017,South,Home,WH-S100000,6,0.954,1.6849407678719144,38.870148,6.808186654499777,5.475504466465542,14.500074861384062,85.74,189.02,1.49,21,28.1,2409.29,897.46,233.22,261.32,22405.58,285.0,23.68,7.3,MEDIUM,0.0,0.0,54.64,1.6502,XGBoost,11.06,2026-04-09
SKU-100017,West,Home,WH-W100000,6,0.954,1.6849407678719144,42.664703,4.803455891820712,3.9441435677664622,8.944602033871456,85.74,189.02,1.49,21,22.8,1954.87,633.33,255.99,278.79,23903.45,330.0,51.21,7.7,MEDIUM,0.0,0.0,54.64,1.339,XGBoost,11.06,2026-04-09
SKU-100018,Central,Electronics,WH-C100000,2,0.959,1.7391976652852517,37.25811,5.035724244884157,3.731861477806455,10.151436649277356,50.98,190.65,0.55,21,12.39,631.64,86.85,74.52,86.91,4430.67,138.0,51.09,3.7,LOW,0.0,0.0,73.26,0.4326,XGBoost,11.06,2026-04-09
SKU-100018,East,Electronics,WH-E100000,4,0.959,1.7391976652852517,41.12922,4.445412530536682,3.2737694694882347,8.069150091380449,50.98,190.65,0.55,21,15.46,788.15,108.37,164.52,179.98,9175.38,226.0,46.02,5.5,LOW,0.0,0.0,73.26,0.5398,XGBoost,11.06,2026-04-09
SKU-100018,North,Electronics,WH-N100000,4,0.959,1.7391976652852517,43.533253,5.581748857336227,4.120908101399739,9.34547192612741,50.98,190.65,0.55,21,19.42,990.03,136.13,174.13,193.55,9867.18,340.0,146.45,7.8,LOW,0.0,0.0,73.26,0.6781,XGBoost,11.06,2026-04-09
SKU-100018,South,Electronics,WH-S100000,6,0.959,1.7391976652852517,35.679806,3.1687340134813318,2.7079099927629744,7.612598363038351,50.98,190.65,0.55,21,13.5,688.23,94.63,214.08,227.58,11602.03,333.0,105.42,9.3,LOW,0.0,0.0,73.26,0.4714,XGBoost,11.06,2026-04-09
SKU-100018,West,Electronics,WH-W100000,6,0.959,1.7391976652852517,43.065105,4.94096700579026,3.753724597749256,8.67197100836245,50.98,190.65,0.55,21,24.21,1234.23,147.56,258.39,282.6,14406.95,84.0,-198.6,2.0,HIGH,481.0,24521.38,73.26,0.8454,XGBoost,11.06,2026-04-09
SKU-100019,Central,Toys,WH-C100000,2,0.972,1.911035647549118,21.833376,3.872620309324507,3.0208821523757208,14.385153073931656,14.98,175.66,1.79,21,10.47,156.84,70.19,43.67,54.14,811.02,75.0,20.86,3.4,LOW,0.0,0.0,91.47,0.1074,XGBoost,11.06,2026-04-09
SKU-100019,East,Toys,WH-E100000,4,0.972,1.911035647549118,23.882399,3.7530830448785695,3.080257234119234,13.309753453375798,14.98,175.66,1.79,21,14.34,214.81,96.13,95.53,109.87,1645.85,188.0,78.13,7.9,LOW,0.0,0.0,91.47,0.1471,XGBoost,11.06,2026-04-09
SKU-100019,North,Toys,WH-N100000,4,0.972,1.911035647549118,26.633352,3.9516812165830286,3.5126229240780784,14.463741423725928,14.98,175.66,1.79,21,15.1,226.2,101.22,106.53,121.63,1822.02,209.0,87.37,7.8,LOW,0.0,0.0,91.47,0.1549,XGBoost,11.06,2026-04-09
SKU-100019,South,Toys,WH-S100000,6,0.972,1.911035647549118,22.04299,3.1910057797986435,2.8794173286074685,14.062270641891658,14.98,175.66,1.79,21,14.94,223.8,100.15,132.26,147.2,2205.06,252.0,104.8,11.4,LOW,0.0,0.0,91.47,0.1533,XGBoost,11.06,2026-04-09
SKU-100019,West,Toys,WH-W100000,6,0.972,1.911035647549118,23.80959,3.046143851274206,2.8266349065871466,12.710777925315266,14.98,175.66,1.79,21,16.4,245.67,95.59,142.86,159.26,2385.71,258.0,98.74,10.8,LOW,0.0,0.0,91.47,0.1683,XGBoost,11.06,2026-04-09
SKU-100020,Central,Toys,WH-C100000,2,0.968,1.8521798587690466,39.777912,6.445286309588562,5.570202963692801,14.901179883890068,22.32,198.29,0.86,21,16.88,376.76,81.0,79.56,96.44,2152.54,87.0,-9.44,2.2,HIGH,106.0,2365.92,88.74,0.2581,XGBoost,11.06,2026-04-09
SKU-100020,East,Toys,WH-E100000,4,0.968,1.8521798587690466,39.161213,4.859162928596356,3.777571178617932,10.041644892475963,22.32,198.29,0.86,21,18.0,401.76,86.38,156.64,174.64,3897.96,213.0,38.36,5.4,MEDIUM,0.0,0.0,88.74,0.2752,XGBoost,11.06,2026-04-09
SKU-100020,North,Toys,WH-N100000,4,0.968,1.8521798587690466,44.267143,6.298178916264478,5.414766220819383,12.96580279447537,22.32,198.29,0.86,21,23.33,520.73,111.96,177.07,200.4,4472.93,196.0,-4.4,4.4,HIGH,205.0,4575.6,88.74,0.3567,XGBoost,11.06,2026-04-09
SKU-100020,South,Toys,WH-S100000,6,0.968,1.8521798587690466,33.309593,7.528387511592927,6.479366302490234,20.55388098893597,22.32,198.29,0.86,21,34.16,762.45,163.93,199.86,234.02,5223.33,394.0,159.98,11.8,LOW,0.0,0.0,88.74,0.5222,XGBoost,11.06,2026-04-09
SKU-100020,West,Toys,WH-W100000,6,0.968,1.8521798587690466,45.646004,6.823809550383914,6.5539992196219305,15.893069682809452,22.32,198.29,0.86,21,35.6,794.59,148.57,273.88,309.48,6907.59,429.0,119.52,9.4,LOW,0.0,0.0,88.74,0.5442,XGBoost,11.06,2026-04-09
SKU-100021,Central,Beauty,WH-C100000,2,0.931,1.4832801273356213,37.482735,6.311480981709333,4.790021260579427,12.73296789175168,61.85,78.7,0.76,21,15.89,982.8,155.59,74.97,90.86,5619.69,164.0,73.14,4.4,LOW,0.0,0.0,21.41,0.6731,XGBoost,11.06,2026-04-09
SKU-100021,East,Beauty,WH-E100000,4,0.931,1.4832801273356213,41.95756,5.875402856877403,4.991572425478981,11.9660982665979,61.85,78.7,0.76,21,20.92,1293.9,204.83,167.83,188.75,11674.19,191.0,2.25,4.6,MEDIUM,0.0,0.0,21.41,0.8862,XGBoost,11.06,2026-04-09
SKU-100021,North,Beauty,WH-N100000,4,0.931,1.4832801273356213,43.433167,5.6768074885933135,4.236550649007161,9.852443358873307,61.85,78.7,0.76,21,20.21,1249.99,197.9,173.73,193.94,11995.19,262.0,68.06,6.0,LOW,0.0,0.0,21.41,0.8562,XGBoost,11.06,2026-04-09
SKU-100021,South,Beauty,WH-S100000,6,0.931,1.4832801273356213,36.271294,6.150105376543604,5.172327677408855,14.858944059780644,61.85,78.7,0.76,21,26.82,1658.82,262.65,217.63,244.45,15119.23,254.0,9.55,7.0,MEDIUM,0.0,0.0,21.41,1.1362,XGBoost,11.06,2026-04-09
SKU-100021,West,Beauty,WH-W100000,6,0.931,1.4832801273356213,45.041706,5.188651405982565,4.058741433279855,8.943711438556122,61.85,78.7,0.76,21,26.01,1608.72,221.52,270.25,296.26,18323.68,651.0,354.74,14.5,ADEQUATE,0.0,0.0,21.41,1.1019,XGBoost,11.06,2026-04-09
SKU-100022,Central,Electronics,WH-C100000,2,0.966,1.825006821146403,27.63415,2.9520537715630595,2.398464021228609,8.8364463784976,112.48,134.55,0.33,21,7.62,857.1,70.71,55.27,62.89,7073.87,139.0,76.11,5.0,ADEQUATE,0.0,0.0,16.4,0.5871,XGBoost,11.06,2026-04-09
SKU-100022,East,Electronics,WH-E100000,4,0.966,1.825006821146403,29.283413,4.084658928268611,3.379973820277623,11.09053908045698,112.48,134.55,0.33,21,14.91,1677.08,138.36,117.13,132.04,14851.86,41.0,-91.04,1.4,HIGH,223.0,25083.04,16.4,1.1487,XGBoost,11.06,2026-04-09
SKU-100022,North,Electronics,WH-N100000,4,0.966,1.825006821146403,29.771118,3.196493678835667,3.0663902646019343,9.639849619796726,112.48,134.55,0.33,21,11.67,1312.64,108.29,119.08,130.75,14706.76,92.0,-38.75,3.1,HIGH,170.0,19121.6,16.4,0.8991,XGBoost,11.06,2026-04-09
SKU-100022,South,Electronics,WH-S100000,6,0.966,1.825006821146403,27.58354,3.5265223452844423,2.8005560012090776,9.81830983759725,112.48,134.55,0.33,21,15.76,1772.68,146.25,165.5,181.26,20388.12,109.0,-72.26,4.0,HIGH,254.0,28569.92,16.4,1.2142,XGBoost,11.06,2026-04-09
SKU-100022,West,Electronics,WH-W100000,6,0.966,1.825006821146403,29.649918,2.849246238685183,2.3660980406261625,7.6679103050108495,112.48,134.55,0.33,21,14.65,1647.83,118.22,177.9,192.55,21658.02,40.0,-152.55,1.3,HIGH,345.0,38805.6,16.4,1.1287,XGBoost,11.06,2026-04-09
SKU-100023,Central,Home,WH-C100000,2,0.975,1.959963984540054,23.082062,3.630494532169507,2.9720311846051897,13.567968421962892,118.88,33.69,0.21,21,10.06,1195.93,62.79,46.16,56.22,6683.43,108.0,51.78,4.7,LOW,0.0,0.0,-252.86,0.8191,XGBoost,11.06,2026-04-09
SKU-100023,East,Home,WH-E100000,4,0.975,1.959963984540054,23.182577,3.0224237359398183,2.630415780203683,11.982371207039836,118.88,33.69,0.21,21,11.85,1408.73,73.96,92.73,104.58,12432.47,191.0,86.42,8.2,LOW,0.0,0.0,-252.86,0.9649,XGBoost,11.06,2026-04-09
SKU-100023,North,Home,WH-N100000,4,0.975,1.959963984540054,25.808926,3.954182707054871,2.874535333542597,11.32556133042006,118.88,33.69,0.21,21,15.5,1842.64,96.74,103.24,118.74,14115.81,207.0,88.26,8.0,LOW,0.0,0.0,-252.86,1.2621,XGBoost,11.06,2026-04-09
SKU-100023,South,Home,WH-S100000,6,0.975,1.959963984540054,21.41383,2.9855406175075365,2.182010923113142,10.414143018462395,118.88,33.69,0.21,21,14.33,1703.55,89.44,128.48,142.81,16977.25,214.0,71.19,10.0,LOW,0.0,0.0,-252.86,1.1668,XGBoost,11.06,2026-04-09
SKU-100023,West,Home,WH-W100000,6,0.975,1.959963984540054,25.782192,3.320723958404777,2.7792689005533853,11.354989649430197,118.88,33.69,0.21,21,18.33,2179.07,99.48,154.69,173.02,20568.62,254.0,80.98,9.9,LOW,0.0,0.0,-252.86,1.4925,XGBoost,11.06,2026-04-09
SKU-100024,Central,Electronics,WH-C100000,2,0.952,1.6645628612027212,46.399006,5.15044103246995,4.0083262125651045,8.686775064705825,82.88,157.93,0.66,21,12.12,1004.51,165.74,92.8,104.92,8695.77,228.0,123.08,4.9,ADEQUATE,0.0,0.0,47.52,0.688,XGBoost,11.06,2026-04-09
SKU-100024,East,Electronics,WH-E100000,4,0.952,1.6645628612027212,49.565063,7.159916708321496,5.570471445719401,11.491149336463256,82.88,157.93,0.66,21,23.84,1975.86,326.02,198.26,222.1,18407.65,256.0,33.9,5.2,MEDIUM,0.0,0.0,47.52,1.3533,XGBoost,11.06,2026-04-09
SKU-100024,North,Electronics,WH-N100000,4,0.952,1.6645628612027212,58.37561,5.555557671154214,3.687732514880953,6.384367910029375,82.88,157.93,0.66,21,18.5,1533.28,252.99,233.5,252.0,20885.76,147.0,-105.0,2.5,HIGH,357.0,29588.16,47.52,1.0502,XGBoost,11.06,2026-04-09
SKU-100024,South,Electronics,WH-S100000,6,0.952,1.6645628612027212,42.138165,5.024589415827884,4.075186956496466,9.456234916228004,82.88,157.93,0.66,21,20.49,1698.21,280.2,252.83,273.32,22652.76,450.0,176.68,10.7,LOW,0.0,0.0,47.52,1.1632,XGBoost,11.06,2026-04-09
SKU-100024,West,Electronics,WH-W100000,6,0.952,1.6645628612027212,57.877987,6.873501143214636,5.879061925978887,10.366104142896356,82.88,157.93,0.66,21,32.23,2671.22,383.32,347.27,379.5,31452.96,518.0,138.5,8.9,LOW,0.0,0.0,47.52,1.8296,XGBoost,11.06,2026-04-09
